{
  "version": 1,
  "author": "PSR-ECE 22EC044",
  "editor": "wokwi",
  "parts": [
    { "type": "wokwi-arduino-uno", "id": "uno", "top": -47.4, "left": -67.8, "attrs": {} },
    {
      "type": "wokwi-lcd1602",
      "id": "lcd1",
      "top": 160,
      "left": 159.2,
      "attrs": { "pins": "i2c" }
    },
    { "type": "wokwi-dht22", "id": "dht1", "top": -66.9, "left": 311.4, "attrs": {} }
  ],
  "connections": [
    [ "uno:5V", "dht1:VCC", "red", [ "v19.1", "h3.8" ] ],
    [ "dht1:GND", "uno:GND.3", "black", [ "v124.8", "h-249.6" ] ],
    [ "lcd1:VCC", "uno:5V", "red", [ "h-67.2", "v0.1" ] ],
    [ "lcd1:GND", "uno:GND.2", "black", [ "h-57.6" ] ],
    [ "lcd1:SDA", "uno:A4", "green", [ "h0" ] ],
    [ "lcd1:SCL", "uno:A5", "green", [ "h-28.8", "v19.5" ] ],
    [ "dht1:SDA", "uno:2", "green", [ "v28.8", "h-105.5", "v-144", "h-48" ] ]
  ],
  "dependencies": {}
}